"","species","treatment1","treatment2","meme_rate","candy_consumption","reddit_time"
"1","Biologist","Internet","Caffeine","8.23029594930024","11.0443564224988","3.10167253327203"
"2","Biologist","No Internet","Caffeine","11.4678651100611","13.2280818279833","1.02702019369995"
"3","Biologist","Internet","Caffeine","2.90279902408551","1.7032754747197","3.02384586448524"
"4","Biologist","No Internet","Caffeine","4.47365297157843","4.11292865406722","3.13750804832636"
"5","Biologist","Internet","Caffeine","9.09441911456427","14.1625810461119","3.40353993218614"
"6","Biologist","No Internet","Caffeine","9.40749306924553","11.6717194067314","3.52772166503035"
"7","Biologist","Internet","Caffeine","10.1452814502327","8.97761433385313","5.28461635514138"
"8","Biologist","No Internet","Caffeine","9.67444426274489","15.4964490886778","0.668443410838216"
"9","Biologist","Internet","Caffeine","15.4563569627886","10.5818661255762","3.61556496642729"
"10","Biologist","No Internet","Caffeine","13.4336218514608","19.249419956468","4.72049378424938"
"11","Biologist","Internet","Caffeine","11.1634269905569","16.6233197273687","4.15022096219194"
"12","Biologist","No Internet","Caffeine","9.53013126608002","14.945554533042","2.65476991379843"
"13","Biologist","Internet","Caffeine","8.44612056857057","19.8859077785164","3.05672682490531"
"14","Biologist","No Internet","Caffeine","9.05363979785618","9.91435818374157","5.9831510637466"
"15","Biologist","Internet","Caffeine","6.49509116662262","6.21978310402483","4.21811956789277"
"16","Biologist","No Internet","Caffeine","9.48701430117018","2.29730024002492","6.35802218411245"
"17","Biologist","Internet","Caffeine","9.5445319763678","13.1811367487535","7.20785957967828"
"18","Biologist","No Internet","Caffeine","9.8876841715295","5.19966014195234","2.11825140744468"
"19","Biologist","Internet","Caffeine","8.10028604358068","19.3003871804103","4.48510930516495"
"20","Biologist","No Internet","Caffeine","4.79694650525729","15.7471871748567","3.937379971294"
"21","Biologist","Internet","Caffeine","6.32399934664305","1.45398175809532","3.40013965397249"
"22","Biologist","No Internet","Caffeine","6.38930838018326","14.0267296181992","3.72076251933429"
"23","Biologist","Internet","Caffeine","8.39455152903767","14.8315152525902","6.72065816749249"
"24","Biologist","No Internet","Caffeine","14.1829681905314","12.2333650337532","4.24162430493781"
"25","Biologist","Internet","Caffeine","13.2795689906661","13.0070428876206","2.99767381319177"
"26","Biologist","No Internet","No Caffeine","13.5276463084132","9.90314471535385","5.17369394613032"
"27","Biologist","Internet","No Caffeine","13.5789988423258","6.95840823929757","1.62473978286544"
"28","Biologist","No Internet","No Caffeine","10.0349574564511","8.47809737548232","2.14362615888475"
"29","Biologist","Internet","No Caffeine","11.2297813559468","17.7399142645299","5.30155588571167"
"30","Biologist","No Internet","No Caffeine","7.88868340708459","17.0628818217665","3.18760758110468"
"31","Biologist","Internet","No Caffeine","11.7486135392484","3.57964884489775","2.89456465606896"
"32","Biologist","No Internet","No Caffeine","8.90721540381","12.2519277269021","6.28725517159967"
"33","Biologist","Internet","No Caffeine","11.8488798208517","17.8477565711364","4.59596091270345"
"34","Biologist","No Internet","No Caffeine","7.36803448695752","11.9010759564117","2.30832634732611"
"35","Biologist","Internet","No Caffeine","13.5910035456725","7.80800321139395","3.03602222673827"
"36","Biologist","No Internet","No Caffeine","11.4040531906243","15.9498899802566","6.80703456773707"
"37","Biologist","Internet","No Caffeine","9.86912740060706","7.49203342013061","3.25032699099723"
"38","Biologist","No Internet","No Caffeine","7.07489090783712","8.23548578191549","2.00352340262108"
"39","Biologist","Internet","No Caffeine","6.16508687957379","0.507121421396732","1.68376892898289"
"40","Biologist","No Internet","No Caffeine","9.40763321666119","12.2691672248766","5.97599521228418"
"41","Biologist","Internet","No Caffeine","3.99047801650545","0.0407368130981922","2.80062509725978"
"42","Biologist","No Internet","No Caffeine","8.98456377916962","7.33561284840107","7.11018328267083"
"43","Biologist","Internet","No Caffeine","10.1423944454907","19.8258693097159","1.31887729572489"
"44","Biologist","No Internet","No Caffeine","11.1733280190263","17.1146214334294","3.72718202955392"
"45","Biologist","Internet","No Caffeine","9.17383936302602","2.19609103165567","5.59795137733715"
"46","Biologist","No Internet","No Caffeine","12.4845548540219","2.26644068025053","3.59344828438943"
"47","Biologist","Internet","No Caffeine","11.6603456745579","18.3233783766627","5.85310450492852"
"48","Biologist","No Internet","No Caffeine","8.38333600198131","17.0738709857687","5.31518064823389"
"49","Biologist","Internet","No Caffeine","12.2375366633709","8.98563667666167","2.78592969640955"
"50","Biologist","No Internet","No Caffeine","9.80979171615329","9.02313623577356","3.74263888874078"
"51","Chemist","Internet","Caffeine","5.37812544606974","13.3624728862196","6.07582113475999"
"52","Chemist","No Internet","Caffeine","8.91606467810458","20.4589427215979","6.15171062499004"
"53","Chemist","Internet","Caffeine","4.21924094660973","9.67060287483037","5.39638617102788"
"54","Chemist","No Internet","Caffeine","5.06468703362375","23.7150703556836","5.68961100695226"
"55","Chemist","Internet","Caffeine","6.71291067186143","6.26494696363807","1.7666811123426"
"56","Chemist","No Internet","Caffeine","6.0716934404053","13.8600299367681","3.85653075987517"
"57","Chemist","Internet","Caffeine","7.46108644977959","21.422157138586","4.27169628104021"
"58","Chemist","No Internet","Caffeine","0.697941581609899","11.3009960856289","1.86275040217407"
"59","Chemist","Internet","Caffeine","4.71778641175165","12.7384872920811","2.28686327527501"
"60","Chemist","No Internet","Caffeine","7.40702864219276","8.35312352981418","6.02455307586307"
"61","Chemist","Internet","Caffeine","5.27420245182867","7.97763197682798","4.56239561710818"
"62","Chemist","No Internet","Caffeine","2.63964835901389","22.3933053808287","4.3460354694405"
"63","Chemist","Internet","Caffeine","7.83603940081051","9.44154311902821","4.18981679925084"
"64","Chemist","No Internet","Caffeine","7.06130858047425","13.2945228228346","6.59076494918441"
"65","Chemist","Internet","Caffeine","1.99443076932715","8.37831955868751","3.71199949554755"
"66","Chemist","No Internet","Caffeine","3.78400171420077","7.41940177977085","5.83772738253594"
"67","Chemist","Internet","Caffeine","3.05810307959337","14.6171237155795","2.45239610199625"
"68","Chemist","No Internet","Caffeine","4.73430116804503","11.6316335415468","5.65645696226533"
"69","Chemist","Internet","Caffeine","5.36926708465","23.3367129787803","2.00711657809745"
"70","Chemist","No Internet","Caffeine","6.84413146650321","8.96547411568463","5.94963957134659"
"71","Chemist","Internet","Caffeine","4.72589675708971","5.97832486499101","0.222355623810633"
"72","Chemist","No Internet","Caffeine","5.37139038200911","19.9212288251147","0.732000593105588"
"73","Chemist","Internet","Caffeine","3.47172534315666","17.1309799468145","5.74031782330246"
"74","Chemist","No Internet","Caffeine","4.97110652780564","19.0217672055587","1.53065490160304"
"75","Chemist","Internet","Caffeine","5.04129401492581","10.5766121484339","3.92546911123896"
"76","Chemist","No Internet","No Caffeine","6.9644014336238","13.706141738221","4.62289412615721"
"77","Chemist","Internet","No Caffeine","2.69913752922458","23.4675148781389","4.5932162412037"
"78","Chemist","No Internet","No Caffeine","7.07841453580911","12.038302179426","3.80450085880851"
"79","Chemist","Internet","No Caffeine","5.71519379288996","8.6464294558391","4.48537111054491"
"80","Chemist","No Internet","No Caffeine","6.14561613928783","10.6950819399208","6.35572750965282"
"81","Chemist","Internet","No Caffeine","4.3127870794199","14.5511542446911","4.39660141805962"
"82","Chemist","No Internet","No Caffeine","7.67018781738544","9.67736079357564","2.24184722803554"
"83","Chemist","Internet","No Caffeine","6.0537788009449","9.16087315417826","4.52439657071656"
"84","Chemist","No Internet","No Caffeine","1.76095264196488","23.0529764806852","4.95233064435755"
"85","Chemist","Internet","No Caffeine","3.13378123492072","22.4501260882244","4.95943242315854"
"86","Chemist","No Internet","No Caffeine","5.74283068055313","9.05651715584099","5.92366252955452"
"87","Chemist","Internet","No Caffeine","7.74233344305776","6.70282259117812","3.37946534996997"
"88","Chemist","No Internet","No Caffeine","6.2809975751038","6.33691025897861","3.53748294048739"
"89","Chemist","Internet","No Caffeine","7.54373971318693","8.6874285293743","5.84382208594267"
"90","Chemist","No Internet","No Caffeine","6.1589901519882","24.1950385831296","6.43496330953715"
"91","Chemist","Internet","No Caffeine","1.68379295491896","20.1762480661273","4.47394777462736"
"92","Chemist","No Internet","No Caffeine","5.89191367872874","19.8531863186508","3.26480577025615"
"93","Chemist","Internet","No Caffeine","6.38815727785554","19.9019884318113","2.68565742781377"
"94","Chemist","No Internet","No Caffeine","3.41118119252356","22.0599179156125","1.99963728157706"
"95","Chemist","Internet","No Caffeine","6.58276934356639","9.03213097713888","3.47388903533297"
"96","Chemist","No Internet","No Caffeine","8.70935012186625","7.69400061108172","4.65486713402139"
"97","Chemist","Internet","No Caffeine","5.50811994591348","19.3016886943951","0.488975158730034"
"98","Chemist","No Internet","No Caffeine","4.5832585748972","6.04079970158637","3.80124666991143"
"99","Chemist","Internet","No Caffeine","3.98900256130038","9.91040213033557","1.59207346930958"
"100","Chemist","No Internet","No Caffeine","6.30934390075097","7.51097253523767","5.24287808020521"
"101","Physicist","Internet","Caffeine","18.3189645664581","14.8098344122991","5.85449509685567"
"102","Physicist","No Internet","Caffeine","29.5778051052323","19.4571316754445","0.672767875433343"
"103","Physicist","Internet","Caffeine","18.3221934412054","11.8708666739985","3.26203195085773"
"104","Physicist","No Internet","Caffeine","23.7129956973396","28.6522408155724","2.87517379123989"
"105","Physicist","Internet","Caffeine","20.7824771486486","24.5411762269214","5.37593036041405"
"106","Physicist","No Internet","Caffeine","8.50443443845669","23.1359767587855","2.83671339450383"
"107","Physicist","Internet","Caffeine","20.30944334865","17.2922773612663","4.00634270813434"
"108","Physicist","No Internet","Caffeine","9.15928246941562","25.3547937003896","2.84656368263909"
"109","Physicist","Internet","Caffeine","18.6646982451223","14.0207405528054","4.30247768899457"
"110","Physicist","No Internet","Caffeine","25.4394325286624","28.7360358517617","2.45177150061378"
"111","Physicist","Internet","Caffeine","24.586678734339","18.8362251082435","2.07518169077471"
"112","Physicist","No Internet","Caffeine","22.043359006117","25.4218328138813","1.80112380891514"
"113","Physicist","Internet","Caffeine","22.6293774853961","19.6151457959786","4.50398125103657"
"114","Physicist","No Internet","Caffeine","13.0270375641654","21.1441253963858","4.53242401154022"
"115","Physicist","Internet","Caffeine","15.1438659716179","12.6504043536261","2.74350811410367"
"116","Physicist","No Internet","Caffeine","20.3080169199299","13.3355944603682","5.04246672345767"
"117","Physicist","Internet","Caffeine","18.5153733812065","29.2206879332662","2.50215481599701"
"118","Physicist","No Internet","Caffeine","24.0049395094804","27.2435651160777","3.94942474234093"
"119","Physicist","Internet","Caffeine","21.5799572770949","27.6115705771372","3.96883370444349"
"120","Physicist","No Internet","Caffeine","20.7154678941613","19.376419717446","5.07939797226022"
"121","Physicist","Internet","Caffeine","21.8162264441549","22.7429661015049","5.7193729681868"
"122","Physicist","No Internet","Caffeine","18.0408044923493","15.3611215762794","2.1126551975005"
"123","Physicist","Internet","Caffeine","8.88632221826252","13.4247390180826","5.38562087481072"
"124","Physicist","No Internet","Caffeine","10.9082466239086","18.2245502015576","6.25284522372649"
"125","Physicist","Internet","Caffeine","15.406384735413","17.2118107648566","4.06576286342225"
"126","Physicist","No Internet","No Caffeine","29.41176658827","24.763000421226","6.75058607969426"
"127","Physicist","Internet","No Caffeine","19.9396812217334","13.5255620442331","3.91463946098402"
"128","Physicist","No Internet","No Caffeine","22.0486352406683","17.4564872216433","2.54631594614925"
"129","Physicist","Internet","No Caffeine","18.6128946456768","13.2752269180492","2.30644237393491"
"130","Physicist","No Internet","No Caffeine","20.6357102376786","27.588196657598","3.96504253070885"
"131","Physicist","Internet","No Caffeine","10.0576731050571","18.0144174490124","5.20513246884338"
"132","Physicist","No Internet","No Caffeine","14.5532344015801","20.0623741326854","6.09821376308873"
"133","Physicist","Internet","No Caffeine","20.5127390109523","20.2995363296941","1.37328756330043"
"134","Physicist","No Internet","No Caffeine","22.3546474028762","10.7251843996346","3.06829655309374"
"135","Physicist","Internet","No Caffeine","19.5971408705071","23.8504940224811","4.05716808933091"
"136","Physicist","No Internet","No Caffeine","15.6789926994198","14.7118937829509","4.51013226088202"
"137","Physicist","Internet","No Caffeine","21.8821281938151","25.686514293775","3.73679085968325"
"138","Physicist","No Internet","No Caffeine","22.5684903198029","13.1745738396421","2.89484383586626"
"139","Physicist","Internet","No Caffeine","13.6880738970811","16.4222096186131","4.80209406319129"
"140","Physicist","No Internet","No Caffeine","14.3131274038977","16.4682468818501","4.87357394423059"
"141","Physicist","Internet","No Caffeine","34.3400356139588","12.2245315974578","5.79455393565113"
"142","Physicist","No Internet","No Caffeine","31.3325662744856","15.2974500600249","4.24254565006002"
"143","Physicist","Internet","No Caffeine","18.4056385663844","15.3141239704564","3.15079759400177"
"144","Physicist","No Internet","No Caffeine","14.5001452107086","22.1891694935039","6.48636486024173"
"145","Physicist","Internet","No Caffeine","19.4832905569926","25.1106613734737","7.10116522504128"
"146","Physicist","No Internet","No Caffeine","27.1060334852406","28.9807475265115","4.27210769409286"
"147","Physicist","Internet","No Caffeine","20.1382070987376","29.6042644046247","5.17461369488561"
"148","Physicist","No Internet","No Caffeine","24.269334015825","11.1759474175051","6.3060667732258"
"149","Physicist","Internet","No Caffeine","15.7954181569958","28.1701701460406","2.0192517080891"
"150","Physicist","No Internet","No Caffeine","28.5212496943516","16.2985874107108","4.09201245062935"
"151","Geologist","Internet","Caffeine","13.5350223257525","3.04785935906693","2.90295442657821"
"152","Geologist","No Internet","Caffeine","16.8810060769261","9.77754913503304","7.05656024306841"
"153","Geologist","Internet","Caffeine","12.925436602042","7.9788931668736","5.22292364095689"
"154","Geologist","No Internet","Caffeine","8.84641916214881","5.79406927805394","5.47126805736425"
"155","Geologist","Internet","Caffeine","16.1251171223296","6.25114613678306","5.0189647435987"
"156","Geologist","No Internet","Caffeine","14.3568646405847","4.1244648816064","5.28746371221112"
"157","Geologist","Internet","Caffeine","14.6402294063325","8.32576275104657","4.84498947720962"
"158","Geologist","No Internet","Caffeine","16.9402344098875","1.45774679724127","3.44705971329541"
"159","Geologist","Internet","Caffeine","13.4388282100208","4.40126745728776","2.80370491983505"
"160","Geologist","No Internet","Caffeine","13.6354089221106","4.13894581841305","6.5142093907096"
"161","Geologist","Internet","Caffeine","14.3493447501899","2.48464972013608","5.6054706593655"
"162","Geologist","No Internet","Caffeine","15.9937281914584","9.37082261312753","3.18938337182769"
"163","Geologist","Internet","Caffeine","13.8063789930311","9.30316491983831","5.62203712139819"
"164","Geologist","No Internet","Caffeine","15.5191577665433","5.93573878984898","5.12202891294073"
"165","Geologist","Internet","Caffeine","11.0501523386989","6.5148273925297","2.89238861805848"
"166","Geologist","No Internet","Caffeine","17.0726281591884","8.79830892430618","6.27709749652644"
"167","Geologist","Internet","Caffeine","16.6895054836696","0.628361210692674","4.39067473997155"
"168","Geologist","No Internet","Caffeine","11.7398899165586","3.11561545589939","4.1107538623765"
"169","Geologist","Internet","Caffeine","19.1677449848081","9.54814410768449","3.83776685066245"
"170","Geologist","No Internet","Caffeine","16.2075770356434","1.49620546959341","1.81370530363317"
"171","Geologist","Internet","Caffeine","13.8870448335568","7.95602534431964","2.27221705135553"
"172","Geologist","No Internet","Caffeine","12.8536439744454","8.45962844789028","9.15354537873067"
"173","Geologist","Internet","Caffeine","16.6268849697302","3.42938515357673","3.41983327175317"
"174","Geologist","No Internet","Caffeine","13.1066768739295","0.540909795090556","4.72106222943176"
"175","Geologist","Internet","Caffeine","14.5801706840112","3.27638120157644","2.34978009060615"
"176","Geologist","No Internet","No Caffeine","13.7486799852213","3.81959274644032","5.45303279357283"
"177","Geologist","Internet","No Caffeine","14.1366361877106","4.55456232884899","2.17766595127671"
"178","Geologist","No Internet","No Caffeine","16.9284748022653","6.06483906274661","4.79018227819361"
"179","Geologist","Internet","No Caffeine","10.5574144556098","1.66405386291444","4.71730392264441"
"180","Geologist","No Internet","No Caffeine","15.8464672496385","9.12249392829835","3.86889309839658"
"181","Geologist","Internet","No Caffeine","14.9275823844907","4.33987035183236","5.40896816609214"
"182","Geologist","No Internet","No Caffeine","12.5771401701607","0.604716867674142","3.30527182466797"
"183","Geologist","Internet","No Caffeine","13.5258174236873","6.03381861466914","3.61102368850248"
"184","Geologist","No Internet","No Caffeine","14.9237345368769","8.69952409993857","2.30376781709342"
"185","Geologist","Internet","No Caffeine","14.2611861654813","3.21877165930346","4.35548460959569"
"186","Geologist","No Internet","No Caffeine","15.9148373021009","5.45056717703119","5.00307790947539"
"187","Geologist","Internet","No Caffeine","16.3665684052322","6.40567657072097","4.58421622533791"
"188","Geologist","No Internet","No Caffeine","16.5995028407968","1.8753095716238","2.93776822613347"
"189","Geologist","Internet","No Caffeine","17.4067146115952","2.34992944635451","5.34824776513036"
"190","Geologist","No Internet","No Caffeine","16.1201203110533","2.64066428178921","4.73006091660319"
"191","Geologist","Internet","No Caffeine","14.6938330233303","4.55011455342174","3.51899903520743"
"192","Geologist","No Internet","No Caffeine","15.8249612642732","6.48438238771632","3.81142330804033"
"193","Geologist","Internet","No Caffeine","9.65765094227989","4.30614550830796","5.25378576209939"
"194","Geologist","No Internet","No Caffeine","12.0140153115895","9.82717251172289","2.49377183338704"
"195","Geologist","Internet","No Caffeine","14.7719151580911","3.96192813059315","3.39020724383075"
"196","Geologist","No Internet","No Caffeine","16.4410851863521","6.72943797893822","4.12412059448109"
"197","Geologist","Internet","No Caffeine","13.8903667888084","7.48328431043774","3.47110697012371"
"198","Geologist","No Internet","No Caffeine","13.732056095932","0.0160583737306297","3.7001079052228"
"199","Geologist","Internet","No Caffeine","15.7131331486566","8.32869405159727","6.74055952215077"
"200","Geologist","No Internet","No Caffeine","14.815194925345","4.69213886186481","3.62846671209708"
